INSERT INTO country (
	country_code,
	country_name
) VALUES (
	'AU',
	'Australia'
);
INSERT INTO country (
	country_code,
	country_name
) VALUES (
	'MY',
	'Malaysia'
);
INSERT INTO country (
	country_code,
	country_name
) VALUES (
	'JP',
	'Japan'
);
INSERT INTO country (
	country_code,
	country_name
) VALUES (
	'CH',
	'China'
);
INSERT INTO country (
	country_code,
	country_name
) VALUES (
	'SG',
	'Singapore'
);

INSERT INTO operator (
	oper_comp_name,
	oper_ceo
) VALUES (
	'Chitra Sampathkumar',
	'Santhosh Gur'
);
INSERT INTO operator (
	oper_comp_name,
	oper_ceo
) VALUES (
	'Premalatha D.',
	'Boopal V'
);
INSERT INTO operator (
	oper_comp_name,
	oper_ceo
) VALUES (
	'Kevin Andrew Thomas F',
	'Vishaal G'
);

INSERT INTO language(
	lang_code,
	lang_name
) VALUES (
	'en',
	'English'
);
INSERT INTO language(
	lang_code,
	lang_name
) VALUES (
	'zh',
	'Chinese'
);
INSERT INTO language(
	lang_code,
	lang_name
) VALUES (
	'jp',
	'Japanese'
);
INSERT INTO language(
	lang_code,
	lang_name
) VALUES (
	'es',
	'Spanish'
);
INSERT INTO language(
	lang_code,
	lang_name
) VALUES (
	'ko',
	'Korean'
);

INSERT INTO port(
    port_name,
    port_population,
    port_long,
    port_lat,
    country_code
) VALUES 
('Port Adelaide', 160000, 138.5033, -34.8442, 'AU'),
('Port Douglas', 3500, 145.4653, -16.4836, 'AU'),
('Port Melbourne', 160000, 144.9071, -37.8254, 'AU'),
('Port Arthur', 1000, 147.8500, -43.1500, 'AU'),
('Port Jackson', 500000, 151.2128, -33.8480, 'AU'),
('Port of Brisbane', 200000, 153.1272, -27.4498, 'AU'),
('Port of Fremantle', 31500, 115.7339, -32.0569, 'AU'),
('Port Campbell', 500, 143.1095, -38.6177, 'AU'),
('Port Macquarie', 47000, 152.9195, -31.4333, 'AU'),
('Port Stephens', 29000, 152.1114, -32.7150, 'AU'),
('Port Dickson', 90000, 101.8067, 2.5223, 'MY'),
('Port Klang', 700000, 101.3667, 3.0333, 'MY'),
('Port Tanjung Pelepas', 80000, 103.5667, 1.4667, 'MY'),
('Port Kelang', 140000, 101.3890, 3.0378, 'MY'),
('Port of Tokyo', 897000, 139.7900, 35.6528, 'JP'),
('Port of Yokohama', 380000, 139.6380, 35.4437, 'JP'),
('Port of Kobe', 150000, 135.1955, 34.6913, 'JP'),
('Port of Osaka', 269000, 135.4601, 34.6937, 'JP'),
('Port of Nagoya', 227000, 136.8816, 35.0805, 'JP'),
('Port of Singapore', 500000, 103.7469, 1.2904, 'SG'),
('Port Klang', 70000, 101.3667, 3.0333, 'SG'),
('Port Tanjung Pelepas', 80000, 103.5667, 1.4667, 'SG'),
('Port Kelang', 140000, 101.3890, 3.0378, 'SG'),
('Port Dickson', 90000, 101.8067, 2.5223, 'SG'),
('Port of Geneva', 198979, 6.1432, 46.2044, 'CH'),
('Port of Basel', 178128, 7.5859, 47.5581, 'CH'),
('Port of Zurich', 415215, 8.5417, 47.3769, 'CH'),
('Port of Lausanne', 216633, 6.6326, 46.5197, 'CH'),
('Port of Bern', 133798, 7.4474, 46.9480, 'CH');

INSERT INTO port_temp(
    port_code,
    temp_month,
    temp_high,
    temp_low
) VALUES 
('F6665100-0794-43BB-B9D1-09B31CB3ACD5', '2024-01-01', 75, 55),
('F6665100-0794-43BB-B9D1-09B31CB3ACD5', '2024-02-01', 78, 58),
('F6665100-0794-43BB-B9D1-09B31CB3ACD5', '2024-03-01', 80, 60),
('F6665100-0794-43BB-B9D1-09B31CB3ACD5', '2024-04-01', 82, 62),
('F6665100-0794-43BB-B9D1-09B31CB3ACD5', '2024-05-01', 85, 65),
('F6665100-0794-43BB-B9D1-09B31CB3ACD5', '2024-06-01', 88, 68),
('F6665100-0794-43BB-B9D1-09B31CB3ACD5', '2024-07-01', 90, 70),
('F6665100-0794-43BB-B9D1-09B31CB3ACD5', '2024-08-01', 91, 71),
('F6665100-0794-43BB-B9D1-09B31CB3ACD5', '2024-09-01', 88, 68),
('F6665100-0794-43BB-B9D1-09B31CB3ACD5', '2024-10-01', 85, 65),
('F6665100-0794-43BB-B9D1-09B31CB3ACD5', '2024-11-01', 80, 60),
('F6665100-0794-43BB-B9D1-09B31CB3ACD5', '2024-12-01', 76, 56),
('51B26145-4BA4-4279-BE31-239C1D753BC1', '2024-01-01', 72, 52),
('51B26145-4BA4-4279-BE31-239C1D753BC1', '2024-02-01', 75, 55),
('51B26145-4BA4-4279-BE31-239C1D753BC1', '2024-03-01', 78, 58),
('51B26145-4BA4-4279-BE31-239C1D753BC1', '2024-04-01', 80, 60),
('51B26145-4BA4-4279-BE31-239C1D753BC1', '2024-05-01', 83, 63),
('51B26145-4BA4-4279-BE31-239C1D753BC1', '2024-06-01', 86, 66),
('51B26145-4BA4-4279-BE31-239C1D753BC1', '2024-07-01', 88, 68),
('51B26145-4BA4-4279-BE31-239C1D753BC1', '2024-08-01', 89, 69),
('51B26145-4BA4-4279-BE31-239C1D753BC1', '2024-09-01', 86, 66),
('51B26145-4BA4-4279-BE31-239C1D753BC1', '2024-10-01', 83, 63),
('51B26145-4BA4-4279-BE31-239C1D753BC1', '2024-11-01', 78, 58),
('51B26145-4BA4-4279-BE31-239C1D753BC1', '2024-12-01', 73, 53),
('8B9268E5-D775-4F14-8D28-29D475EFDD99', '2024-01-01', 70, 50),
('8B9268E5-D775-4F14-8D28-29D475EFDD99', '2024-02-01', 73, 53),
('8B9268E5-D775-4F14-8D28-29D475EFDD99', '2024-03-01', 76, 56),
('8B9268E5-D775-4F14-8D28-29D475EFDD99', '2024-04-01', 78, 58),
('8B9268E5-D775-4F14-8D28-29D475EFDD99', '2024-05-01', 81, 61),
('8B9268E5-D775-4F14-8D28-29D475EFDD99', '2024-06-01', 84, 64),
('8B9268E5-D775-4F14-8D28-29D475EFDD99', '2024-07-01', 86, 66),
('8B9268E5-D775-4F14-8D28-29D475EFDD99', '2024-08-01', 87, 67),
('8B9268E5-D775-4F14-8D28-29D475EFDD99', '2024-09-01', 84, 64),
('8B9268E5-D775-4F14-8D28-29D475EFDD99', '2024-10-01', 81, 61),
('8B9268E5-D775-4F14-8D28-29D475EFDD99', '2024-11-01', 76, 56),
('8B9268E5-D775-4F14-8D28-29D475EFDD99', '2024-12-01', 71, 51),
('2D13B12B-7C92-4672-8A0C-33AE6D05780D', '2024-01-01', 68, 48),
('2D13B12B-7C92-4672-8A0C-33AE6D05780D', '2024-02-01', 71, 51),
('2D13B12B-7C92-4672-8A0C-33AE6D05780D', '2024-03-01', 74, 54),
('2D13B12B-7C92-4672-8A0C-33AE6D05780D', '2024-04-01', 76, 56),
('2D13B12B-7C92-4672-8A0C-33AE6D05780D', '2024-05-01', 79, 59),
('2D13B12B-7C92-4672-8A0C-33AE6D05780D', '2024-06-01', 82, 62),
('2D13B12B-7C92-4672-8A0C-33AE6D05780D', '2024-07-01', 84, 64),
('2D13B12B-7C92-4672-8A0C-33AE6D05780D', '2024-08-01', 85, 65),
('2D13B12B-7C92-4672-8A0C-33AE6D05780D', '2024-09-01', 82, 62),
('2D13B12B-7C92-4672-8A0C-33AE6D05780D', '2024-10-01', 79, 59),
('2D13B12B-7C92-4672-8A0C-33AE6D05780D', '2024-11-01', 74, 54),
('2D13B12B-7C92-4672-8A0C-33AE6D05780D', '2024-12-01', 69, 49),
('99C148D1-9820-4A15-AEAD-34AEDA7FFE06', '2024-01-01', 65, 45),
('99C148D1-9820-4A15-AEAD-34AEDA7FFE06', '2024-02-01', 68, 48),
('99C148D1-9820-4A15-AEAD-34AEDA7FFE06', '2024-03-01', 71, 51),
('99C148D1-9820-4A15-AEAD-34AEDA7FFE06', '2024-04-01', 73, 53),
('99C148D1-9820-4A15-AEAD-34AEDA7FFE06', '2024-05-01', 76, 56),
('99C148D1-9820-4A15-AEAD-34AEDA7FFE06', '2024-06-01', 79, 59),
('99C148D1-9820-4A15-AEAD-34AEDA7FFE06', '2024-07-01', 81, 61),
('99C148D1-9820-4A15-AEAD-34AEDA7FFE06', '2024-08-01', 82, 62),
('99C148D1-9820-4A15-AEAD-34AEDA7FFE06', '2024-09-01', 79, 59),
('99C148D1-9820-4A15-AEAD-34AEDA7FFE06', '2024-10-01', 76, 56),
('99C148D1-9820-4A15-AEAD-34AEDA7FFE06', '2024-11-01', 71, 51),
('99C148D1-9820-4A15-AEAD-34AEDA7FFE06', '2024-12-01', 66, 46),
('CFD52FAB-A7B2-47E5-972D-367ED3E273B6', '2024-01-01', 62, 42),
('CFD52FAB-A7B2-47E5-972D-367ED3E273B6', '2024-02-01', 65, 45),
('CFD52FAB-A7B2-47E5-972D-367ED3E273B6', '2024-03-01', 68, 48),
('CFD52FAB-A7B2-47E5-972D-367ED3E273B6', '2024-04-01', 70, 50),
('CFD52FAB-A7B2-47E5-972D-367ED3E273B6', '2024-05-01', 73, 53),
('CFD52FAB-A7B2-47E5-972D-367ED3E273B6', '2024-06-01', 76, 56),
('CFD52FAB-A7B2-47E5-972D-367ED3E273B6', '2024-07-01', 78, 58),
('CFD52FAB-A7B2-47E5-972D-367ED3E273B6', '2024-08-01', 79, 59),
('CFD52FAB-A7B2-47E5-972D-367ED3E273B6', '2024-09-01', 76, 56),
('CFD52FAB-A7B2-47E5-972D-367ED3E273B6', '2024-10-01', 73, 53),
('CFD52FAB-A7B2-47E5-972D-367ED3E273B6', '2024-11-01', 68, 48),
('CFD52FAB-A7B2-47E5-972D-367ED3E273B6', '2024-12-01', 63, 43);
INSERT INTO port_temp (
    port_code,
    temp_month,
    temp_high,
    temp_low
) VALUES 
('A1BA25FD-82B4-4BDB-AEAA-3753877D58D5', '2024-01-01', 28, 15),
('A1BA25FD-82B4-4BDB-AEAA-3753877D58D5', '2024-02-01', 30, 18),
('A1BA25FD-82B4-4BDB-AEAA-3753877D58D5', '2024-03-01', 32, 20),
('A1BA25FD-82B4-4BDB-AEAA-3753877D58D5', '2024-04-01', 35, 23),
('A1BA25FD-82B4-4BDB-AEAA-3753877D58D5', '2024-05-01', 38, 25),
('A1BA25FD-82B4-4BDB-AEAA-3753877D58D5', '2024-06-01', 40, 28),
('A1BA25FD-82B4-4BDB-AEAA-3753877D58D5', '2024-07-01', 41, 30),
('A1BA25FD-82B4-4BDB-AEAA-3753877D58D5', '2024-08-01', 40, 28),
('A1BA25FD-82B4-4BDB-AEAA-3753877D58D5', '2024-09-01', 38, 25),
('A1BA25FD-82B4-4BDB-AEAA-3753877D58D5', '2024-10-01', 35, 23),
('A1BA25FD-82B4-4BDB-AEAA-3753877D58D5', '2024-11-01', 32, 20),
('A1BA25FD-82B4-4BDB-AEAA-3753877D58D5', '2024-12-01', 30, 18),
('4785597E-A32B-416E-8D66-3C23ED936773', '2024-01-01', 26, 13),
('4785597E-A32B-416E-8D66-3C23ED936773', '2024-02-01', 28, 16),
('4785597E-A32B-416E-8D66-3C23ED936773', '2024-03-01', 30, 18),
('4785597E-A32B-416E-8D66-3C23ED936773', '2024-04-01', 33, 21),
('4785597E-A32B-416E-8D66-3C23ED936773', '2024-05-01', 36, 23),
('4785597E-A32B-416E-8D66-3C23ED936773', '2024-06-01', 38, 26),
('4785597E-A32B-416E-8D66-3C23ED936773', '2024-07-01', 39, 28),
('4785597E-A32B-416E-8D66-3C23ED936773', '2024-08-01', 38, 26),
('4785597E-A32B-416E-8D66-3C23ED936773', '2024-09-01', 36, 23),
('4785597E-A32B-416E-8D66-3C23ED936773', '2024-10-01', 33, 21),
('4785597E-A32B-416E-8D66-3C23ED936773', '2024-11-01', 30, 18),
('4785597E-A32B-416E-8D66-3C23ED936773', '2024-12-01', 28, 16);

INSERT INTO tour_when(
	tour_when_desc
) VALUES ('leopard'),
('volleyball'),
('mountain'),
('puzzle'),
('elephant'),
('umbrella'),
('butterfly'),
('whisper'),
('treasure'),
('guitar'),
('diamond'),
('sunflower'),
('carousel'),
('jazz'),
('harmony'),
('serendipity'),
('chocolate'),
('fireworks'),
('moonlight'),
('octopus'),
('illusion'),
('lullaby'),
('flamingo'),
('quicksilver'),
('galaxy'),
('waterfall'),
('rainbow'),
('whirlwind'),
('chameleon'),
('adventure'),
('wonderland'),
('crystal'),
('silhouette'),
('marvel'),
('carousel'),
('echo'),
('tiger'),
('lighthouse'),
('serenity'),
('cosmos'),
('mermaid'),
('butterfly'),
('harmony'),
('phoenix'),
('blossom'),
('infinity'),
('freedom'),
('serenity'),
('whisper'),
('moonbeam'),
('sunset'),
('twilight'),
('stardust'),
('dreamscape'),
('labyrinth'),
('cascade'),
('enchanted'),
('whirlpool'),
('silhouette'),
('paradise'),
('firefly'),
('mystique'),
('laughter'),
('cascade'),
('treasure'),
('harmony'),
('lullaby'),
('carousel'),
('lighthouse'),
('butterfly'),
('rainbow'),
('whisper'),
('fireworks'),
('serendipity'),
('volcano'),
('serenity'),
('guitar'),
('seashell'),
('blossom'),
('echo'),
('diamond'),
('mystery'),
('raindrop'),
('chocolate'),
('serenade'),
('moonlight'),
('adventure'),
('wanderlust'),
('cascade'),
('serenity'),
('chameleon'),
('lullaby'),
('twilight'),
('paradise'),
('crystal'),
('butterfly'),
('volcano'),
('sunflower'),
('illusion'),
('wonderland'),
('serenity'),
('moonbeam'),
('harmony'),
('sunset'),
('firefly'),
('whirlpool');

INSERT INTO address (
    address_street,
    address_town,
    address_pcode,
    country_code
) VALUES ('123 Main St', 'Springfield', '12345', 'AU'),
('456 Elm St', 'Rivertown', '54321', 'CH'),
('789 Oak St', 'Maplewood', '67890', 'JP'),
('321 Pine St', 'Greenville', '09876', 'MY'),
('654 Birch St', 'Hillcrest', '13579', 'SG'),
('987 Cedar St', 'Lakeside', '24680', 'AU'),
('741 Walnut St', 'Sunset Valley', '86420', 'CH'),
('852 Cherry St', 'Oceanview', '35791', 'JP'),
('963 Willow St', 'Meadowbrook', '57931', 'MY'),
('159 Aspen St', 'Highland Park', '79315', 'SG'),
('357 Magnolia St', 'Greenfield', '15973', 'AU'),
('753 Sycamore St', 'Fairview', '95173', 'CH'),
('951 Poplar St', 'Hometown', '35795', 'JP'),
('246 Cedar St', 'Pine Grove', '57931', 'MY'),
('468 Birch St', 'Springfield', '13579', 'SG'),
('802 Elm St', 'Rivertown', '24680', 'AU'),
('246 Oak St', 'Maplewood', '35791', 'CH'),
('135 Pine St', 'Greenville', '46802', 'JP'),
('579 Walnut St', 'Hillcrest', '57931', 'MY'),
('693 Cedar St', 'Lakeside', '69324', 'SG'),
('258 Cherry St', 'Sunset Valley', '80246', 'AU'),
('147 Willow St', 'Oceanview', '91573', 'CH'),
('369 Aspen St', 'Meadowbrook', '14725', 'JP'),
('582 Magnolia St', 'Highland Park', '25874', 'MY'),
('795 Sycamore St', 'Greenfield', '36915', 'SG'),
('159 Poplar St', 'Fairview', '58236', 'AU'),
('357 Cedar St', 'Hometown', '79512', 'CH'),
('123 Maple St', 'Pine Grove', '12345', 'JP'),
('456 Oak St', 'Springfield', '54321', 'MY'),
('789 Pine St', 'Rivertown', '67890', 'SG'),
('321 Elm St', 'Maplewood', '09876', 'AU'),
('654 Cedar St', 'Greenville', '13579', 'CH'),
('987 Birch St', 'Hillcrest', '24680', 'JP'),
('741 Walnut St', 'Lakeside', '86420', 'MY'),
('852 Cherry St', 'Sunset Valley', '35791', 'SG'),
('963 Willow St', 'Oceanview', '57931', 'AU'),
('159 Aspen St', 'Meadowbrook', '79315', 'CH'),
('357 Magnolia St', 'Highland Park', '15973', 'JP'),
('753 Sycamore St', 'Greenfield', '95173', 'MY'),
('951 Poplar St', 'Fairview', '35795', 'SG'),
('246 Cedar St', 'Hometown', '57931', 'AU'),
('468 Birch St', 'Pine Grove', '13579', 'CH'),
('802 Elm St', 'Springfield', '24680', 'JP'),
('246 Oak St', 'Rivertown', '35791', 'MY'),
('135 Pine St', 'Maplewood', '46802', 'SG'),
('579 Walnut St', 'Greenville', '57931', 'AU'),
('693 Cedar St', 'Hillcrest', '69324', 'CH'),
('258 Cherry St', 'Lakeside', '80246', 'JP'),
('147 Willow St', 'Sunset Valley', '91573', 'MY'),
('369 Aspen St', 'Oceanview', '14725', 'SG'),
('582 Magnolia St', 'Meadowbrook', '25874', 'AU'),
('795 Sycamore St', 'Highland Park', '36915', 'CH'),
('159 Poplar St', 'Greenfield', '58236', 'JP'),
('357 Cedar St', 'Fairview', '79512', 'MY'),
('123 Maple St', 'Hometown', '12345', 'SG'),
('456 Oak St', 'Pine Grove', '54321', 'AU'),
('789 Pine St', 'Springfield', '67890', 'CH'),
('321 Elm St', 'Rivertown', '09876', 'JP'),
('654 Cedar St', 'Maplewood', '13579', 'MY'),
('987 Birch St', 'Greenville', '24680', 'SG'),
('741 Walnut St', 'Hillcrest', '86420', 'AU'),
('852 Cherry St', 'Lakeside', '35791', 'CH'),
('963 Willow St', 'Sunset Valley', '57931', 'JP'),
('159 Aspen St', 'Oceanview', '79315', 'MY'),
('357 Magnolia St', 'Meadowbrook', '15973', 'SG'),
('753 Sycamore St', 'Highland Park', '95173', 'AU'),
('951 Poplar St', 'Greenfield', '35795', 'CH'),
('246 Cedar St', 'Fairview', '57931', 'JP'),
('468 Birch St', 'Hometown', '13579', 'MY'),
('802 Elm St', 'Pine Grove', '24680', 'SG'),
('246 Oak St', 'Springfield', '35791', 'AU'),
('135 Pine St', 'Rivertown', '46802', 'CH'),
('579 Walnut St', 'Maplewood', '57931', 'JP'),
('693 Cedar St', 'Greenville', '69324', 'MY'),
('258 Cherry St', 'Hillcrest', '80246', 'SG'),
('147 Willow St', 'Lakeside', '91573', 'AU'),
('369 Aspen St', 'Sunset Valley', '14725', 'CH'),
('582 Magnolia St', 'Oceanview', '25874', 'JP'),
('795 Sycamore St', 'Meadowbrook', '36915', 'MY'),
('159 Poplar St', 'Highland Park', '58236', 'SG'),
('357 Cedar St', 'Greenfield', '79512', 'AU'),
('123 Maple St', 'Fairview', '12345', 'CH'),
('456 Oak St', 'Hometown', '54321', 'JP'),
('789 Pine St', 'Pine Grove', '67890', 'MY'),
('321 Elm St', 'Springfield', '09876', 'SG'),
('654 Cedar St', 'Rivertown', '13579', 'AU'),
('987 Birch St', 'Maplewood', '24680', 'CH'),
('741 Walnut St', 'Greenville', '86420', 'JP'),
('852 Cherry St', 'Hillcrest', '35791', 'MY'),
('963 Willow St', 'Lakeside', '57931', 'SG'),
('159 Aspen St', 'Sunset Valley', '79315', 'AU'),
('357 Magnolia St', 'Oceanview', '15973', 'CH'),
('753 Sycamore St', 'Meadowbrook', '95173', 'JP'),
('951 Poplar St', 'Highland Park', '35795', 'MY'),
('246 Cedar St', 'Greenfield', '57931', 'SG'),
('468 Birch St', 'Fairview', '13579', 'AU'),
('802 Elm St', 'Hometown', '24680', 'CH'),
('246 Oak St', 'Pine Grove', '35791', 'JP'),
('135 Pine St', 'Springfield', '46802', 'MY'),
('579 Walnut St', 'Rivertown', '57931', 'SG'),
('693 Cedar St', 'Maplewood', '69324', 'AU'),
('258 Cherry St', 'Greenville', '80246', 'CH'),
('147 Willow St', 'Hillcrest', '91573', 'JP'),
('369 Aspen St', 'Lakeside', '14725', 'MY'),
('582 Magnolia St', 'Sunset Valley', '25874', 'SG'),
('795 Sycamore St', 'Oceanview', '36915', 'AU'),
('159 Poplar St', 'Meadowbrook', '58236', 'CH'),
('357 Cedar St', 'Highland Park', '79512', 'JP'),
('123 Maple St', 'Greenfield', '12345', 'MY'),
('456 Oak St', 'Fairview', '54321', 'SG'),
('789 Pine St', 'Hometown', '67890', 'AU'),
('321 Elm St', 'Pine Grove', '09876', 'CH'),
('654 Cedar St', 'Springfield', '13579', 'JP'),
('987 Birch St', 'Rivertown', '24680', 'MY'),
('741 Walnut St', 'Maplewood', '86420', 'SG'),
('852 Cherry St', 'Greenville', '35791', 'AU'),
('963 Willow St', 'Hillcrest', '57931', 'CH'),
('159 Aspen St', 'Lakeside', '79315', 'JP'),
('357 Magnolia St', 'Sunset Valley', '15973', 'MY'),
('753 Sycamore St', 'Oceanview', '95173', 'SG'),
('951 Poplar St', 'Meadowbrook', '35795', 'AU'),
('246 Cedar St', 'Highland Park', '57931', 'CH'),
('468 Birch St', 'Greenfield', '13579', 'JP'),
('802 Elm St', 'Fairview', '24680', 'MY'),
('246 Oak St', 'Hometown', '35791', 'SG'),
('135 Pine St', 'Pine Grove', '46802', 'AU'),
('579 Walnut St', 'Springfield', '57931', 'CH'),
('693 Cedar St', 'Rivertown', '69324', 'JP'),
('258 Cherry St', 'Maplewood', '80246', 'MY'),
('147 Willow St', 'Greenville', '91573', 'SG'),
('369 Aspen St', 'Hillcrest', '14725', 'AU'),
('582 Magnolia St', 'Lakeside', '25874', 'CH'),
('795 Sycamore St', 'Sunset Valley', '36915', 'JP'),
('159 Poplar St', 'Oceanview', '58236', 'MY'),
('357 Cedar St', 'Meadowbrook', '79512', 'SG'),
('123 Maple St', 'Highland Park', '12345', 'AU'),
('456 Oak St', 'Greenfield', '54321', 'CH'),
('789 Pine St', 'Fairview', '67890', 'JP'),
('321 Elm St', 'Hometown', '09876', 'MY'),
('654 Cedar St', 'Pine Grove', '13579', 'SG'),
('987 Birch St', 'Springfield', '24680', 'AU'),
('741 Walnut St', 'Rivertown', '86420', 'CH'),
('852 Cherry St', 'Maplewood', '35791', 'JP'),
('963 Willow St', 'Greenville', '57931', 'MY'),
('159 Aspen St', 'Hillcrest', '79315', 'SG'),
('357 Magnolia St', 'Lakeside', '15973', 'AU'),
('753 Sycamore St', 'Sunset Valley', '95173', 'CH'),
('951 Poplar St', 'Oceanview', '35795', 'JP'),
('246 Cedar St', 'Meadowbrook', '57931', 'MY'),
('468 Birch St', 'Highland Park', '13579', 'SG'),
('802 Elm St', 'Greenfield', '24680', 'AU'),
('246 Oak St', 'Fairview', '35791', 'CH'),
('135 Pine St', 'Hometown', '46802', 'JP'),
('579 Walnut St', 'Pine Grove', '57931', 'MY'),
('693 Cedar St', 'Springfield', '69324', 'SG'),
('258 Cherry St', 'Rivertown', '80246', 'AU'),
('147 Willow St', 'Maplewood', '91573', 'CH'),
('369 Aspen St', 'Greenville', '14725', 'JP'),
('582 Magnolia St', 'Hillcrest', '25874', 'MY'),
('795 Sycamore St', 'Lakeside', '36915', 'SG'),
('159 Poplar St', 'Sunset Valley', '58236', 'AU'),
('357 Cedar St', 'Oceanview', '79512', 'CH');

INSERT INTO passenger (
    passenger_fname,
    passenger_lname,
    passenger_dob,
    passenger_gender,
    passenger_contact,
    address_id,
    guardian_id,
    lang_code
) VALUES 
('John', 'Doe', '1990-05-15', 'M', '1234567890', 'A2E9C02E-7E7B-4BEA-A170-4382CABDB285', NULL, 'en'),
('Jane', 'Smith', '1985-08-20', 'F', '9876543210', 'B5DC8FA4-411B-4368-9B4A-E7099123DB23', NULL, 'es'),
('Michael', 'Johnson', '1998-03-10', 'M', '5551112222', '1664E3C8-A754-4C9A-B325-2E38248F1A41', NULL, 'jp'),
('Emily', 'Brown', '2002-11-25', 'F', '9998887777', 'C965E4E4-C54B-4322-9C6E-AF07C7F1433E', NULL, 'ko'),
('David', 'Lee', '1976-09-05', 'M', '4443332222', 'C6FE153A-4591-4E71-B497-07C076860A35', NULL, 'zh'),
('Sophia', 'Garcia', '1995-12-30', 'F', '7776665555', 'DA198746-6EA7-4885-BCB0-DAD9F58DB697', NULL, 'en'),
('Matthew', 'Martinez', '1980-07-18', 'M', '1112223333', 'A2E9C02E-7E7B-4BEA-A170-4382CABDB285', NULL, 'es'),
('Olivia', 'Hernandez', '1989-04-03', 'F', '9990001111', 'B5DC8FA4-411B-4368-9B4A-E7099123DB23', NULL, 'jp'),
('Daniel', 'Lopez', '1993-06-22', 'M', '4445556666', '1664E3C8-A754-4C9A-B325-2E38248F1A41', NULL, 'ko'),
('Emma', 'Gonzalez', '2000-02-14', 'F', '8889990000', 'C965E4E4-C54B-4322-9C6E-AF07C7F1433E', NULL, 'zh'),
('Christopher', 'Perez', '1987-10-08', 'M', '7778889999', 'C6FE153A-4591-4E71-B497-07C076860A35', NULL, 'en'),
('Ava', 'Rodriguez', '1997-01-17', 'F', '3332221111', 'DA198746-6EA7-4885-BCB0-DAD9F58DB697', NULL, 'es'),
('Andrew', 'Gomez', '1979-08-28', 'M', '6667778888', 'A2E9C02E-7E7B-4BEA-A170-4382CABDB285', NULL, 'jp'),
('Isabella', 'Perez', '1984-05-12', 'F', '1110009999', 'B5DC8FA4-411B-4368-9B4A-E7099123DB23', NULL, 'ko'),
('Joshua', 'Hernandez', '1991-09-29', 'M', '4443332222', '1664E3C8-A754-4C9A-B325-2E38248F1A41', NULL, 'zh'),
('Sophia', 'Torres', '1996-03-07', 'F', '9998887777', 'C965E4E4-C54B-4322-9C6E-AF07C7F1433E', NULL, 'en'),
('Alexander', 'Sanchez', '1983-11-03', 'M', '5556667777', 'C6FE153A-4591-4E71-B497-07C076860A35', NULL, 'es'),
('Madison', 'Rivera', '2001-07-19', 'F', '7776665555', 'DA198746-6EA7-4885-BCB0-DAD9F58DB697', NULL, 'jp'),
('Ethan', 'Martin', '1988-12-15', 'M', '8889990000', 'A2E9C02E-7E7B-4BEA-A170-4382CABDB285', NULL, 'ko'),
('Mia', 'Reyes', '1992-04-23', 'F', '3332221111', 'B5DC8FA4-411B-4368-9B4A-E7099123DB23', NULL, 'zh');

INSERT INTO ship (
    ship_name,
    ship_date_commiss,
    ship_tonnage,
    ship_guest_capacity,
    oper_id,
    country_code
) VALUES 
('Ocean Voyager', '2023-05-15', 250000, 4000, 'B12393E3-D13C-4293-B93A-9209F2DBF284', 'AU'),
('Sea Serenity', '2022-11-30', 180000, 3000, '632668C6-8218-4430-AF0B-973C3B1AF3D0', 'CH'),
('Sunset Princess', '2023-07-18', 320000, 5000, '5BB231F9-CC68-483A-83E7-D6C4EF0DD625', 'JP'),
('Sapphire Seas', '2022-09-05', 200000, 3500, 'B12393E3-D13C-4293-B93A-9209F2DBF284', 'MY'),
('Golden Horizon', '2023-02-14', 280000, 4500, '632668C6-8218-4430-AF0B-973C3B1AF3D0', 'SG'),
('Crystal Crown', '2022-12-30', 190000, 3200, '5BB231F9-CC68-483A-83E7-D6C4EF0DD625', 'AU'),
('Harbor Breeze', '2023-04-22', 220000, 3800, 'B12393E3-D13C-4293-B93A-9209F2DBF284', 'CH'),
('Marina Majesty', '2022-10-08', 260000, 4200, '632668C6-8218-4430-AF0B-973C3B1AF3D0', 'JP'),
('Royal Odyssey', '2023-08-28', 300000, 4800, '5BB231F9-CC68-483A-83E7-D6C4EF0DD625', 'MY'),
('Azure Dream', '2022-11-12', 170000, 2900, 'B12393E3-D13C-4293-B93A-9209F2DBF284', 'SG'),
('Pacific Pearl', '2023-06-17', 240000, 4000, '632668C6-8218-4430-AF0B-973C3B1AF3D0', 'AU'),
('Island Paradise', '2022-12-25', 310000, 5100, '5BB231F9-CC68-483A-83E7-D6C4EF0DD625', 'CH'),
('Majestic Mist', '2023-03-07', 210000, 3600, 'B12393E3-D13C-4293-B93A-9209F2DBF284', 'JP'),
('Coral Queen', '2022-09-29', 270000, 4300, '632668C6-8218-4430-AF0B-973C3B1AF3D0', 'MY'),
('Starlight Voyager', '2023-01-17', 330000, 4900, '5BB231F9-CC68-483A-83E7-D6C4EF0DD625', 'SG'),
('Silver Sun', '2022-08-28', 180000, 3000, 'B12393E3-D13C-4293-B93A-9209F2DBF284', 'AU'),
('Atlantic Explorer', '2023-05-12', 250000, 4100, '632668C6-8218-4430-AF0B-973C3B1AF3D0', 'CH'),
('Tropical Twilight', '2022-11-29', 320000, 5200, '5BB231F9-CC68-483A-83E7-D6C4EF0DD625', 'JP'),
('Moonlit Marina', '2023-07-19', 190000, 3300, 'B12393E3-D13C-4293-B93A-9209F2DBF284', 'MY'),
('Seaside Serenade', '2022-12-15', 260000, 4400, '632668C6-8218-4430-AF0B-973C3B1AF3D0', 'SG');

INSERT INTO cabin (
    ship_code,
    cabin_capacity,
    cabin_class
) VALUES 
('83FC1748-DCE4-44D1-A978-01534C145B71', 2, 'S'),
('B964BFD9-4921-4277-8E98-0C1023C46692', 4, 'B'),
('6B4C3D20-52B0-4428-AB8D-0EA1B349BFE1', 3, 'O'),
('0E24F286-6ED6-437B-9DA8-102BAB22D83C', 2, 'I'),
('814AFB02-B802-4322-B072-1DCEF805AF44', 4, 'S'),
('38BBB325-7E59-4ECA-9F90-1DEB89299DAD', 2, 'B'),
('44628EAE-92B2-4B6D-9365-2AAD4AACEF77', 3, 'O'),
('F8C70D02-7905-4FA9-A1D8-31729FA07F70', 2, 'I'),
('5BFF44F5-94EB-45F5-912E-37C333820E62', 4, 'S'),
('B0FDA9E3-223F-4C9E-8AA5-4692BA585743', 3, 'B'),
('C01D1F38-71AF-4EE9-808E-67100F545ABE', 2, 'O'),
('C2344D67-FD0B-4F53-AB09-768952CA7FC6', 4, 'I'),
('94265C2E-B0CA-4FF0-91CA-92061B71C965', 2, 'S'),
('780AD71A-F2C9-4EE5-9B39-B868D8DA88AB', 3, 'B'),
('68E2143B-4F75-410E-B62A-BB9B99F10714', 2, 'O'),
('1D9AC610-1671-421D-A863-BEE97040968E', 4, 'I'),
('EEADC8D2-EC72-4187-B90C-C758D93D3B72', 2, 'S'),
('958F8F6B-3674-4AE4-BB15-D47C45A64CA2', 3, 'B'),
('8B3DD377-1980-47A2-BE04-E84E36BC9621', 2, 'O'),
('6C0F770A-928D-47E4-84B1-EB5F02C0A482', 4, 'I'),
('83FC1748-DCE4-44D1-A978-01534C145B71', 2, 'S'),
('B964BFD9-4921-4277-8E98-0C1023C46692', 4, 'B'),
('6B4C3D20-52B0-4428-AB8D-0EA1B349BFE1', 3, 'O'),
('0E24F286-6ED6-437B-9DA8-102BAB22D83C', 2, 'I'),
('814AFB02-B802-4322-B072-1DCEF805AF44', 4, 'S'),
('38BBB325-7E59-4ECA-9F90-1DEB89299DAD', 2, 'B'),
('44628EAE-92B2-4B6D-9365-2AAD4AACEF77', 3, 'O'),
('F8C70D02-7905-4FA9-A1D8-31729FA07F70', 2, 'I'),
('5BFF44F5-94EB-45F5-912E-37C333820E62', 4, 'S'),
('B0FDA9E3-223F-4C9E-8AA5-4692BA585743', 3, 'B'),
('C01D1F38-71AF-4EE9-808E-67100F545ABE', 2, 'O'),
('C2344D67-FD0B-4F53-AB09-768952CA7FC6', 4, 'I'),
('94265C2E-B0CA-4FF0-91CA-92061B71C965', 2, 'S'),
('780AD71A-F2C9-4EE5-9B39-B868D8DA88AB', 3, 'B'),
('68E2143B-4F75-410E-B62A-BB9B99F10714', 2, 'O'),
('1D9AC610-1671-421D-A863-BEE97040968E', 4, 'I'),
('EEADC8D2-EC72-4187-B90C-C758D93D3B72', 2, 'S'),
('958F8F6B-3674-4AE4-BB15-D47C45A64CA2', 3, 'B'),
('8B3DD377-1980-47A2-BE04-E84E36BC9621', 2, 'O'),
('6C0F770A-928D-47E4-84B1-EB5F02C0A482', 4, 'I'),
('83FC1748-DCE4-44D1-A978-01534C145B71', 2, 'S'),
('B964BFD9-4921-4277-8E98-0C1023C46692', 4, 'B'),
('6B4C3D20-52B0-4428-AB8D-0EA1B349BFE1', 3, 'O'),
('0E24F286-6ED6-437B-9DA8-102BAB22D83C', 2, 'I'),
('814AFB02-B802-4322-B072-1DCEF805AF44', 4, 'S'),
('38BBB325-7E59-4ECA-9F90-1DEB89299DAD', 2, 'B'),
('44628EAE-92B2-4B6D-9365-2AAD4AACEF77', 3, 'O'),
('F8C70D02-7905-4FA9-A1D8-31729FA07F70', 2, 'I'),
('5BFF44F5-94EB-45F5-912E-37C333820E62', 4, 'S'),
('B0FDA9E3-223F-4C9E-8AA5-4692BA585743', 3, 'B'),
('C01D1F38-71AF-4EE9-808E-67100F545ABE', 2, 'O'),
('C2344D67-FD0B-4F53-AB09-768952CA7FC6', 4, 'I'),
('94265C2E-B0CA-4FF0-91CA-92061B71C965', 2, 'S'),
('780AD71A-F2C9-4EE5-9B39-B868D8DA88AB', 3, 'B'),
('68E2143B-4F75-410E-B62A-BB9B99F10714', 2, 'O'),
('1D9AC610-1671-421D-A863-BEE97040968E', 4, 'I'),
('EEADC8D2-EC72-4187-B90C-C758D93D3B72', 2, 'S'),
('958F8F6B-3674-4AE4-BB15-D47C45A64CA2', 3, 'B'),
('8B3DD377-1980-47A2-BE04-E84E36BC9621', 2, 'O'),
('6C0F770A-928D-47E4-84B1-EB5F02C0A482', 4, 'I');
INSERT INTO cabin (
    ship_code,
    cabin_capacity,
    cabin_class
) VALUES 
('83FC1748-DCE4-44D1-A978-01534C145B71', 2, 'S'),
('B964BFD9-4921-4277-8E98-0C1023C46692', 4, 'B'),
('6B4C3D20-52B0-4428-AB8D-0EA1B349BFE1', 3, 'O'),
('0E24F286-6ED6-437B-9DA8-102BAB22D83C', 2, 'I'),
('814AFB02-B802-4322-B072-1DCEF805AF44', 4, 'S'),
('38BBB325-7E59-4ECA-9F90-1DEB89299DAD', 2, 'B'),
('44628EAE-92B2-4B6D-9365-2AAD4AACEF77', 3, 'O'),
('F8C70D02-7905-4FA9-A1D8-31729FA07F70', 2, 'I'),
('5BFF44F5-94EB-45F5-912E-37C333820E62', 4, 'S'),
('B0FDA9E3-223F-4C9E-8AA5-4692BA585743', 3, 'B'),
('C01D1F38-71AF-4EE9-808E-67100F545ABE', 2, 'O'),
('C2344D67-FD0B-4F53-AB09-768952CA7FC6', 4, 'I'),
('94265C2E-B0CA-4FF0-91CA-92061B71C965', 2, 'S'),
('780AD71A-F2C9-4EE5-9B39-B868D8DA88AB', 3, 'B'),
('68E2143B-4F75-410E-B62A-BB9B99F10714', 2, 'O'),
('1D9AC610-1671-421D-A863-BEE97040968E', 4, 'I'),
('EEADC8D2-EC72-4187-B90C-C758D93D3B72', 2, 'S'),
('958F8F6B-3674-4AE4-BB15-D47C45A64CA2', 3, 'B'),
('8B3DD377-1980-47A2-BE04-E84E36BC9621', 2, 'O'),
('6C0F770A-928D-47E4-84B1-EB5F02C0A482', 4, 'I'),
('83FC1748-DCE4-44D1-A978-01534C145B71', 2, 'S'),
('B964BFD9-4921-4277-8E98-0C1023C46692', 4, 'B'),
('6B4C3D20-52B0-4428-AB8D-0EA1B349BFE1', 3, 'O'),
('0E24F286-6ED6-437B-9DA8-102BAB22D83C', 2, 'I'),
('814AFB02-B802-4322-B072-1DCEF805AF44', 4, 'S'),
('38BBB325-7E59-4ECA-9F90-1DEB89299DAD', 2, 'B'),
('44628EAE-92B2-4B6D-9365-2AAD4AACEF77', 3, 'O'),
('F8C70D02-7905-4FA9-A1D8-31729FA07F70', 2, 'I'),
('5BFF44F5-94EB-45F5-912E-37C333820E62', 4, 'S'),
('B0FDA9E3-223F-4C9E-8AA5-4692BA585743', 3, 'B'),
('C01D1F38-71AF-4EE9-808E-67100F545ABE', 2, 'O'),
('C2344D67-FD0B-4F53-AB09-768952CA7FC6', 4, 'I'),
('94265C2E-B0CA-4FF0-91CA-92061B71C965', 2, 'S'),
('780AD71A-F2C9-4EE5-9B39-B868D8DA88AB', 3, 'B'),
('68E2143B-4F75-410E-B62A-BB9B99F10714', 2, 'O'),
('1D9AC610-1671-421D-A863-BEE97040968E', 4, 'I'),
('EEADC8D2-EC72-4187-B90C-C758D93D3B72', 2, 'S'),
('958F8F6B-3674-4AE4-BB15-D47C45A64CA2', 3, 'B'),
('8B3DD377-1980-47A2-BE04-E84E36BC9621', 2, 'O'),
('6C0F770A-928D-47E4-84B1-EB5F02C0A482', 4, 'I');

INSERT INTO tour (
    tour_number,
    tour_name,
    tour_description,
    tour_hours,
    tour_cost_pp,
    tour_wchair_access,
    tour_starttime,
    tour_min_participants,
    tour_when_code,
    port_code
) VALUES 
(101, 'Sunset Cruise', 'Enjoy a scenic sunset cruise along the coastline', 2.0, 5000.00, 'Y', '18:00:00', 10, '4CE8358F-8379-40AB-B0E0-06011778BF09', 'ECA2C79B-696A-4EF0-B783-600222B1D0AF'),
(102, 'City Sightseeing Tour', 'Explore the citys famous landmarks and attractions', 3.0, 7000.00, 'N', '09:00:00', 5, 'EDBB7D3C-3655-4A9B-AAA0-06426AA53493', '72FE4707-D32A-4864-B59A-68F37B4D3B32'),
(103, 'Island Hopping Adventure', 'Hop between islands and discover hidden gems', 4.0, 9000.00, 'Y', '10:30:00', 8, 'ECDF571C-CBEB-44AB-B0A0-0A36F95CF991', 'FB575043-101C-4C7C-8B0D-6D2897235027'),
(104, 'Historical Walking Tour', 'Take a guided walk through the citys rich history', 2.0, 4500.00, 'N', '13:00:00', 6, 'C44FF39E-9D38-40A4-80E7-0C1F9F8FB5DA', '2D2F8B1C-4098-4128-AC55-78B2F03AE878'),
(105, 'Nature Trekking Expedition', 'Embark on an adventurous trek through scenic trails', 5.0, 8000.00, 'Y', '07:30:00', 12, 'E7B9EDDE-C71C-4353-A2FB-0E0C24A90921', 'E2F93256-33B5-4999-B5D7-82407B3009E2'),
(106, 'Underwater Adventure', 'Explore vibrant marine life on a scuba diving expedition', 4.0, 8500.00, 'Y', '11:00:00', 6, '68763E70-5ECC-485B-975B-0E9350A02852', '415B0D8A-64FD-44E8-82C2-87672230FBD2'),
(107, 'Cultural Heritage Tour', 'Immerse yourself in the cultural heritage of the region', 3.0, 7000.00, 'N', '14:00:00', 8, 'C6652842-E45E-42B0-BD04-0EF12605FA79', '5704B588-2843-461F-8DF9-8B72356F85EA'),
(110, 'Gastronomic Delights Tour', 'Savor the flavors of the local cuisine on a culinary tour', 4.0, 7500.00, 'N', '12:30:00', 6, 'AB79E860-1C06-4974-B7A5-16D2A4434090', 'B461FF48-4C2D-4844-8E61-8F528D4CF045'),
(111, 'Coastal Kayaking Expedition', 'Paddle along the picturesque coastline on a kayaking adventure', 3.0, 6500.00, 'Y', '08:00:00', 4, '4CE8358F-8379-40AB-B0E0-06011778BF09', '9A99BD17-CB17-446D-8FE3-A53C6DF282E6'),
(112, 'Art and Architecture Tour', 'Discover the artistic and architectural wonders of the city', 3.0, 7000.00, 'N', '16:00:00', 8, 'EDBB7D3C-3655-4A9B-AAA0-06426AA53493', 'ECA2C79B-696A-4EF0-B783-600222B1D0AF');

--manifest

--participant

--cruise_port

--cruise

--touroffer

--tourlanguage